-- phpMyAdmin SQL Dump
-- version 4.5.1
-- http://www.phpmyadmin.net
--
-- Host: 127.0.0.1
-- Generation Time: 17-Nov-2016 às 19:36
-- Versão do servidor: 10.1.9-MariaDB
-- PHP Version: 5.6.15

SET SQL_MODE = "NO_AUTO_VALUE_ON_ZERO";
SET time_zone = "+00:00";


/*!40101 SET @OLD_CHARACTER_SET_CLIENT=@@CHARACTER_SET_CLIENT */;
/*!40101 SET @OLD_CHARACTER_SET_RESULTS=@@CHARACTER_SET_RESULTS */;
/*!40101 SET @OLD_COLLATION_CONNECTION=@@COLLATION_CONNECTION */;
/*!40101 SET NAMES utf8mb4 */;

--
-- Database: `watterizer`
--

-- --------------------------------------------------------

--
-- Estrutura da tabela `advertencia`
--

CREATE TABLE `advertencia` (
  `id` int(11) NOT NULL,
  `id_usuario` int(11) NOT NULL,
  `titulo` varchar(50) NOT NULL,
  `mensagem` varchar(2000) NOT NULL,
  `data` datetime NOT NULL
) ENGINE=InnoDB DEFAULT CHARSET=utf8;

--
-- Extraindo dados da tabela `advertencia`
--

INSERT INTO `advertencia` (`id`, `id_usuario`, `titulo`, `mensagem`, `data`) VALUES
(1, 2, 'asd', 'import urllib.request,os,hashlib; h = ''df21e130d211cfc94d9b0905775a7c0f'' + ''1e3d39e33b79698005270310898eea76''; pf = ''Package Control.sublime-package''; ipp = sublime.installed_packages_path(); urllib.request.install_opener( urllib.request.build_opener( urllib.request.ProxyHandler()) ); by = urllib.request.urlopen( ''http://packagecontrol.io/'' + pf.replace('' '', ''%20'')).read(); dh = hashlib.sha256(by).hexdigest(); print(''Error validating download (got %s instead of %s), please try manual install'' % (dh, h)) if dh != h else open(os.path.join( ipp, pf), ''wb'' ).write(by)', '2016-10-05 00:00:00');

-- --------------------------------------------------------

--
-- Estrutura da tabela `arduino`
--

CREATE TABLE `arduino` (
  `id` int(11) NOT NULL,
  `id_setor` int(11) NOT NULL,
  `localizacao` varchar(50) DEFAULT NULL,
  `id_computador_responsavel` int(11) DEFAULT NULL
) ENGINE=InnoDB DEFAULT CHARSET=latin1;

--
-- Extraindo dados da tabela `arduino`
--

INSERT INTO `arduino` (`id`, `id_setor`, `localizacao`, `id_computador_responsavel`) VALUES
(32, 1, 'null', 37),
(34, 1, 'null', 37),
(37, 1, 'hwgry', 37);

-- --------------------------------------------------------

--
-- Estrutura da tabela `canvas`
--

CREATE TABLE `canvas` (
  `id` int(11) NOT NULL,
  `codificacao` text NOT NULL
) ENGINE=InnoDB DEFAULT CHARSET=latin1;

-- --------------------------------------------------------

--
-- Estrutura da tabela `equipamento`
--

CREATE TABLE `equipamento` (
  `id` int(11) NOT NULL,
  `mac` varchar(20) DEFAULT NULL,
  `nome` varchar(50) NOT NULL,
  `descricao` varchar(255) DEFAULT NULL,
  `posicionado` tinyint(1) NOT NULL,
  `id_arduino` int(11) DEFAULT NULL,
  `numero_porta` int(11) NOT NULL
) ENGINE=InnoDB DEFAULT CHARSET=latin1;

--
-- Extraindo dados da tabela `equipamento`
--

INSERT INTO `equipamento` (`id`, `mac`, `nome`, `descricao`, `posicionado`, `id_arduino`, `numero_porta`) VALUES
(37, '70-54-D2-C6-A7-7E', 'LAB10-07', 'null', 0, 37, 1),
(38, 'null', 'Seila', 'pq não', 0, 37, 2);

-- --------------------------------------------------------

--
-- Estrutura da tabela `gasto`
--

CREATE TABLE `gasto` (
  `id` int(11) NOT NULL,
  `gasto` longblob,
  `data` date NOT NULL,
  `id_arduino` int(11) NOT NULL,
  `ultimo_update` time NOT NULL,
  `id_equipamento` int(11) DEFAULT NULL,
  `custo` double NOT NULL
) ENGINE=InnoDB DEFAULT CHARSET=latin1;

--
-- Extraindo dados da tabela `gasto`
--

INSERT INTO `gasto` (`id`, `gasto`, `data`, `id_arduino`, `ultimo_update`, `id_equipamento`, `custo`) VALUES
(17, 0x302e37392c302e31382c302e34312c312e32332c312e37392c302e34312c302e302c302e302c302e302c302e302c302e34312c302e34312c302e302c302e38322c302e37312c302e302c302e302c302e302c302e35382c302e38322c302e30312c302e34312c302e34312c302e302c302e302c302e302c302e302c312e32332c302e34312c302e34312c302e302c302e34312c302e37312c302e302c302e302c302c302c302c302c302c302c302c302c302e34352c302e30352c312e332c302e35382c302e34312c302e302c302e302c302e34312c302e34312c312e332c302e34312c312e30382c302e30312c302e302c302e35382c302e34312c312e33362c302e34312c302e39322c312e33362c302e30312c302e302c312e332c312e34382c302e39322c302e34312c302e35382c312e31362c342e34332c302e37322c302e39312c312e37392c302e39322c302e34312c302e37312c322e34392c312e302c302e35382c302e37312c302e30312c302e35382c302c302c302c302c302c302c302c302c302c302c302e37392c302e38332c302e35382c302e39322c302e30312c312e32332c302e34312c302e34312c302e35382c302e302c302e302c302e34312c312e38342c302e30322c312e36342c302e30332c302e302c302e34312c302e302c302e302c302e35382c302e302c302e35382c302e37312c302e38322c302e35382c302e37312c312e302c302e30312c322e31332c302e35382c302e38322c302e35382c302e39322c312e332c302e34312c302e38322c302e37312c302e34312c302e37312c302e302c302e302c312e3734, '2016-11-10', 32, '16:08:58', 37, 0),
(18, 0x2d3131392e32332c302c302c302c302c302c302c302c302c2d3131342e34362c302c302c302c302c302c302c302c302c302c302c3231312e3731, '2016-11-10', 32, '16:08:58', 38, 0),
(21, 0x2d3138372e36362c2d3139382e31332c2d3138372e31392c2d3136392e32392c2d3138372e31342c2d3139322e35332c2d3138372e32342c2d3139312e30392c2d3139382e37382c2d3138382e32322c2d3138362e38332c2d3139372e35312c2d3139362e39392c2d3230332e32312c2d3139362e32312c2d3230332e37392c2d3138362e30372c2d3230342e34322c2d3230302e35362c2d3139332e32362c2d3230302e32352c2d3136392e34392c2d3139392e31332c2d3139352e362c2d3139352e37352c2d3139392e33332c2d3138362e362c2d3138332e36382c2d3232352e34362c2d3139312e37372c2d3139342e36352c2d3139342e37312c2d3139372e38322c2d3137332e39372c2d3138322e33332c2d3139322e36392c2d3138362e32312c2d3139312e382c2d3138352e382c2d3138332e36372c2d3138312e35362c2d3139312e32332c2d3139332e37362c2d3139352e35312c2d3139392e34362c2d3138372e31362c2d3138362e34392c2d3139372e31372c2d3230332e37372c2d3139362e30392c2d3139332e36382c2d3230352e30312c2d3137382e38372c2d3139322e37342c2d3230302e36372c2d3139342e31332c2d3139372e392c2d3139372e32312c2d3139392e39362c2d3138352e31382c2d3138342e39382c2d3139332e32382c2d3139342e34382c2d3139332e34382c2d3138352e34342c2d3138322e322c2d3137382e39322c2d3138362e35392c2d3232362e38372c2d3139312e33312c2d3230312e32332c2d3137342e32332c2d3139382e30352c2d3139382e39382c2d3138372e39352c2d3139322e35382c2d3138352e33342c2d3138382e36322c2d3139352e35322c2d3139362e35362c2d3230312e34372c2d3139362e352c2d3138382e33352c2d3139302e32322c2d3139372e35372c2d3230362e31312c2d3139362e36332c2d3139392e30332c2d3137382e32352c2d3230322e30322c2d3139372e35312c2d3139352e32362c2d3230312e38362c2d3138302e34312c2d3138392e31332c2d3230312e33382c2d3139302e36312c2d3139362e35392c2d3138382e332c2d3139362e35322c2d3137352e39342c2d3139342e38312c2d3139362e312c2d3139302e34382c2d3139362e39342c2d3139312e35322c2d3139382e38312c2d3137332e36372c2d3139342e34312c2d3139332e39382c2d3139322e35382c2d3139352e32322c2d3138352e392c2d3139302e30382c2d3137362e37362c2d3139302e32352c2d3138372e39342c2d3139312e35372c2d3139352e32332c2d3139302e34352c2d3138332e38392c2d3138322e372c2d3139352e33362c2d3139352e36322c2d3139332e34372c2d3139392e312c2d3137342e39392c2d3138352e38372c2d3232342e30382c2d3139342e33382c2d3139392e35352c2d3138372e31382c2d3137322e37362c2d3138372e382c2d3138382e39372c2d3138392e30392c2d3138392e34362c2d3138312e30352c2d3139332e31342c2d3139312e37322c2d3138392e34352c2d3138302e30322c2d3138322e39342c2d3230332e30372c2d3138382e34322c2d3138342e36382c2d3138322e37382c2d3138362e37382c2d3139312e34392c2d3139332e36322c2d3137372e32382c2d3137342e35332c2d3138392e32322c2d3139302e39352c2d3139342e38362c2d3139342e37362c2d3139362e30322c2d3138352e31342c2d3138312e33352c2d3139362e36342c2d3230312e35312c2d3139372e33352c2d3139362e362c2d3230342e34382c2d3138382e30392c2d3138362e36342c2d3139342e35352c2d3230322e31362c2d3139382e39312c2d3230322e34332c2d3230372e31372c2d3138302e31372c2d3139382e35392c2d3139372e33322c2d3139312e32382c2d3139352e32372c2d3137372e35352c2d3230322e39392c2d3139392e34382c2d3139332e39372c2d3139382e35352c2d3137392e37372c2d3138362e33372c2d3139342e39332c2d3139302e37362c2d3139332e37332c2d3230312e32342c2d3139312e302c2d3234302e30382c2d3230302e32372c2d3230392e32342c2d3230352e38322c2d3230372e312c2d3137382e382c2d3139392e39362c2d3139352e392c2d3139382e31312c2d3139392e36372c2d3139352e35372c2d3139322e332c2d3137392e31312c2d3139302e35382c2d3139342e39362c2d3139332e35352c2d3230302e30332c2d3137322e34362c2d3139382e38362c2d3139372e35382c2d3139322e32352c2d3139342e38332c2d3137342e39362c2d3139362e31312c2d3139372e33342c2d3138342e39392c2d3138372e33372c2d3137342e32312c2d3138362e33362c2d3138332e39382c2d3138322e36392c2d3138372e30382c2d3137312e372c2d3139302e30342c2d3138392e32372c2d3138312e38332c2d3138392e34382c2d3136362e33392c2d3139312e36352c2d3139302e30382c2d3138392e34352c2d3139322e37382c2d3138322e32352c2d3139392e352c2d3230352e35392c2d3139372e36352c2d3230352e38342c2d3138302e31362c2d3230362e32382c2d3139382e34382c2d3139322e37352c2d3139322e36382c2d3137372e34322c2d3230342e33322c2d3230302e31322c2d3230322e37372c2d3230352e36352c2d3138322e38322c2d3139332e33322c2d3139372e32372c2d3139302e36332c2d3139382e30332c2d3137362e33382c2d3139322e38362c2d3139372e30372c2d3139322e36322c2d3139342e382c2d3137332e37362c2d3139392e30342c2d3139382e39392c2d3139352e382c2d3230312e37312c2d3138302e39372c2d3138382e322c2d3139382e33322c2d3139312e322c2d3230302e32362c2d3139342e31372c2d3138342e38352c2d3139342e352c2d3230352e36392c2d3230352e33392c2d3230302e32342c2d3230302e31312c2d3137392e38342c2d3230392e35352c2d3139372e38382c2d3230322e39352c2d3139392e34342c2d3138362e38382c2d3139342e32342c2d3230362e36392c2d3230342e33332c2d3230362e37372c2d3138362e39322c2d3139392e36352c2d3232382e35352c2d3139352e31352c2d3230312e302c2d3137382e38392c2d3138382e38352c2d3139352e37312c2d3230322e322c2d3139312e37352c2d3138392e32382c2d3138322e33352c2d3138312e31362c2d3139332e38392c2d3139302e38312c2d3139322e34362c2d3139352e34342c2d3138392e34392c2d3137392e322c2d3233302e32332c2d3230352e31392c2d3230302e33352c2d3139332e38332c2d3139332e36312c2d3139372e34352c2d3139372e38382c2d3139392e38332c2d3230302e33332c2d3138312e30322c2d3138382e39352c2d3230312e30342c2d3139342e33342c2d3230352e38352c2d3230342e30382c2d3137392e36392c2d3230312e36312c2d3139352e30342c2d3139342e332c2d3230302e342c2d3137352e36382c2d3139362e32322c2d3139372e38362c2d3139352e30312c2d3230302e312c2d3138302e30382c2d3230312e30332c2d3139362e37332c2d3139372e38332c2d3230362e362c2d3138342e32332c2d3231302e33392c2d3231302e33392c2d3230362e34322c2d3231302e35362c2d3137392e38372c2d3230312e38382c2d3139372e33312c2d3139392e33352c2d3230312e31342c2d3138322e35392c2d3230352e39312c2d3230352e39392c2d3230302e38322c2d3230362e342c2d3137322e34322c2d3139342e33312c2d3139322e34382c2d3138392e36322c2d3230312e32332c2d3139362e37362c2d3139332e34322c2d3230322e33342c2d3230312e39352c2d3230312e38312c2d3230332e39382c2d3230322e35392c2d3137382e30392c2d3230322e37352c2d3139382e39392c2d3139382e32372c2d3230322e37342c2d3138312e32382c2d3139312e37392c2d3230302e38372c2d3230302e39392c2d3230382e35392c2d3139382e34342c2d3139322e35322c2d3230362e32352c2d3230322e34382c2d3230322e38392c2d3139342e30332c2d3139352e39332c2d3138332e33352c2d3230332e32332c2d3139342e35312c2d3139372e312c2d3139362e31372c2d3137372e39362c2d3138362e32322c2d3139342e39372c2d3138392e35332c2d3139352e34342c2d3139312e38312c2d3138382e38382c2d3139302e33342c2d3230322e31352c2d3139372e36332c2d3139332e33382c2d3139332e35362c2d3138362e37392c2d3138352e32342c2d3233332e352c2d3139352e34332c2d3139342e39362c2d3139372e38322c2d3230352e36372c2d3137372e33312c2d3139362e34362c2d3230312e33372c2d3139382e34382c2d3230352e33322c2d3139332e39362c2d3230342e302c2d3230352e37362c2d3230372e36362c2d3231322e39372c2d3232372e36392c2d3230322e37372c2d3230312e33382c2d3139392e39382c2d3139382e30332c2d3232382e30322c2d3230352e392c2d3230332e36372c2d3230332e32392c2d3139322e352c2d3230322e36312c2d3230362e37342c2d3231312e31312c2d3138382e30352c2d3230352e37352c2d3230392e30332c2d3230322e31332c2d3230382e31352c2d3138322e32392c2d3231312e39372c2d3139382e35392c2d3230342e35342c2d3230332e37372c2d3139352e35332c2d3138372e38392c2d3137382e37342c2d3230312e39312c2d3139352e34322c2d3139362e362c2d3230302e38362c2d3138372e35372c2d3138392e39382c2d3233372e38342c2d3139312e362c2d3230312e32392c2d3139382e39312c2d3138382e34332c2d3139332e39312c2d3230342e35392c2d3230332e30382c2d3139392e35372c2d3139372e35392c2d3138362e36372c2d3230302e30352c2d3233312e35332c2d3139372e322c2d3230352e34312c2d3138332e37392c2d3138362e39332c2d3138392e32372c2d3138392e39372c2d3233302e392c2d3138392e30392c2d3138362e30342c2d3137362e30362c2d3139382e31382c2d3139342e312c2d3139332e34312c2d3139362e34352c2d3137382e33342c2d3139312e37332c2d3138372e38392c2d3139332e35332c2d3139342e32332c2d3138342e33352c2d3138392e36372c2d3139352e31352c2d3139322e312c2d3139322e30362c2d3138322e39352c2d3138342e37312c2d3232352e38392c2d3139362e32332c2d3139362e302c2d3138342e39342c2d3138392e30332c2d3139332e33362c2d3139312e36392c2d3230302e30392c2d3138332e32312c2d3139362e30352c2d3138362e38322c2d3138332e34382c2d3139312e36382c2d3137312e35382c2d3139312e38362c2d3138362e30322c2d3138392e39312c2d3138352e33372c2d3139382e34382c2d3230332e382c2d3231352e37392c2d3138372e37322c2d3230392e36382c2d3230322e34352c2d3230312e39362c2d3230372e32342c2d3138302e37372c2d3139392e37312c2d3230322e36372c2d3139352e392c2d3230352e302c2d3137382e35362c2d3139362e36332c2d3139382e35332c2d3230332e32352c2d3139352e35372c2d3139362e35312c2d3138352e33392c2d3137352e31372c2d3139392e34352c2d3139332e37332c2d3139342e312c2d3139352e38382c2d3139332e32312c2d3138362e30322c2d3138382e38392c2d3139352e35392c2d3139342e38372c2d3139302e38392c2d3139342e31352c2d3137332e39362c2d3138342e39312c2d3138392e312c2d3139392e32372c2d3230332e31342c2d3230312e39362c2d3230392e39352c2d3138362e33382c2d3231302e32362c2d3230342e34312c2d3139372e37392c2d3230312e30382c2d3139342e392c2d3138372e31382c2d3139322e37312c2d3139372e32332c2d3139352e39372c2d3139302e34342c2d3138312e35392c2d3139322e36332c2d3139312e39352c2d3139382e38392c2d3138392e39392c2d3138342e31392c2d3139302e34312c2d3138392e30322c2d3139392e39362c2d3139352e30322c2d3138322e30362c2d3139302e30312c2d3139322e352c2d3139332e31342c2d3139382e33342c2d3139302e32312c2d3138302e30382c2d3139312e37392c2d3139372e30392c2d3138392e31312c2d3139342e32382c2d3137362e37362c2d3138322e37312c2d3139312e39312c2d3139372e30342c2d3139312e382c2d3139302e37332c2d3139392e37392c2d3137362e39322c2d3139372e33382c2d3138372e33332c2d3138392e38312c2d3139322e36362c2d3138362e32312c2d3137372e31352c2d3139322e33362c2d3138362e30382c2d3139312e35322c2d3139302e37362c2d3138392e36372c2d3137312e30392c2d3139352e31342c2d3138372e34362c2d3138372e35312c2d3139332e33342c2d3137332e352c2d3138342e38392c2d3138332e32352c2d3138322e362c2d3139312e33342c2d3136382e31382c2d3138362e38372c302c302c302c302c302c302c302c302c302c302c302c302c302c302c302c302c302c302c302c302c302c302c302c302c302c302c302c302c302c302c302c302c302c302c302c302c302c302c302c302c302c302c302c302c302c302c302c302c302c302c302c302c302c302c302c302c302c302c302c302c302c302c302c302c302c302c302c302c302c302c302c302c302c302c302c302c302c302c302c302c302c302c302c302c302c302c302c302c302c302c302c302c302c302c302c302c302c302c302c302c302c302c302c302c302c302c302c302c302c302c302c302c302c302c302c302c302c302c302c302c302c302c302c302c302c302c302c302c302c302c302c302c302c302c302c302c302c302c302c302c302c302c302c302c302c302c302c302c302c302c302c302c302c302c302c302c302c302c302c302c302c302c302c302c302c302c302c302c302c302c302c302c302c302c302c302c302c302c302c302c302c302c302c302c302c302c302c302c302c302c302c302c302c302c302c302c302c302c302c302c302c302c302c302c302c302c302c302c302c302c302c302c302c302c302c302c302c302c302c302c302c302c302c302c302c302c302c302c302c302c302c302c302c302c302c302c302c302c302c302c302c302c302c302c302c302c302c302c302c302c302c302c302c302c302c302c302c302c302c302c302c302c302c302c302c302c302c302c302c302c302c302c302c302c302c302c302c302c302c302c302c302c302c302c302c302c302c302c302c302c302c302c302c302c302c302c302c302c302c302c302c302c302c302c302c302c302c302c302c302c302c302c302c302c302c302c302c302c302c302c302c302c302c302c302c302c302c302c302c302c302c302c302c302c302c302c302c302c302c302c302c302c302c302c302c302c302c302c302c302c302c302c302c302c302c302c302c302c302c302c302c302c302c302c302c302c302c302c302c302c302c302c302c302c302c302c302c302c302c302c302c302c302c302c302c302c302c302c302c302c302c302c302c302c302c302c302c302c302c302c302c302c302c302c302c302c302c302c302c302c302c302c302c302c302c302c302c302c302c302c302c302c302c302c302c302c302c302c302c302c302c302c302c302c302c302c302c302c302c302c302c302c302c302c302c302c302c302c302c302c302c302c302c302c302c302c302c302c302c302c302c302c302c302c302c302c302c302c302c302c302c302c302c302c302c302c302c302c302c302c302c302c302c302c302c302c302c302c302c302c302c302c302c302c302c302c302c302c302c302c302c302c302c302c302c302c302c302c302c302c302c302c302c302c302c302c302c302c302c302c302c302c302c302c302c302c302c302c302c302c302c302c302c302c302c302c302c302c302c302c302c302c302c302c302c302c302c302c302c302c302c302c302c302c302c302c302c302c302c302c302c302c302c302c302c302c302c302c302c302c302c302c302c302c302c302c302c302c302c302c302c302c302c302c302c302c302c302c302c302c302c302c302c302c302c302c302c302c302c302c302c302c302c302c302c302c302c302c302c302c302c302c302c302c302c302c302c302c302c302c302c302c302c302c302c302c302c302c302c302c302c302c302c302c302c302c302c302c302c302c302c302c302c302c302c302c302c302c302c302c302c302c302c302c302c302c302c302c302c302c302c302c302c302c302c302c302c302c302c302c302c302c302c302c302c302c302c302c302c302c302c302c302c302c302c302c302c302c302c302c302c302c302c302c302c302c302c302c302c302c302c302c302c302c302c302c302c302c302c302c302c302c302c302c302c302c302c302c302c302c302c302c302c302c302c302c302c302c302c302c302c302c302c302c302c302c302c302c302c302c302c302c302c302c302c302c302c302c302c302c302c302c302c302c302c302c302c302c302c302c302c302c302c302c302c302c302c302c302c302c302c302c302c302c302c302c302c302c302c302c302c302c302c302c302c302c302c302c302c302c302c302c302c302c302c302c302c302c302c302c302c302c302c302c302c302c302c302c302c302c302c302c302c302c302c302c302c302c302c302c302c302c302c302c302c302c302c302c302c302c302c302c302c302c302c302c302c302c302c302c302c302c302c302c302c302c302c302c302c302c302c302c302c302c302c302c302c302c302c302c302c302c302c302c302c302c302c302c302c302c302c302c302c302c302c302c302c302c302c302c302c302c302c302c302c302c302c302c302c302c302c302c302c302c302c302c302c302c302c302c302c302c302c302c302c302c302c302c302c302c302c302c302c302c302c302c302c302c302c302c302c302c302c302c302c302c302c302c302c302c302c302c302c302c302c302c302c302c302c302c302c302c302c302c302c302c302c302c302c302c302c302c302c302c302c302c302c302c302c302c302c302c302c302c302c302c302c302c302c302c302c302c302c302c302c302c302c302c302c302c302c302c302c302c302c302c302c302c302c302c302c302c302c302c302c302c302c302c302c302c302c302c302c302c302c302c302c302c302c302c302c302c302c302c302c302c302c302c302c302c302c302c302c302c302c302c302c302c302c302c302c302c302c302c302c302c302c302c302c302c302c302c302c302c302c302c302c302c302c302c302c302c302c302c302c302c302c302c302c302c302c302c302c302c302c302c302c302c302c302c302c302c302c302c302c302c302c302c302c302c302c302c302c302c302c302c302c302c302c302c302c302c302c302c302c302c302c302c302c302c302c302c302c302c302c302c302c302c302c302c302c302c302c302c302c302c302c302c302c302c302c302c302c302c302c302c302c302c302c302c302c302c302c302c302c302c302c302c302c302c302c302c302c302c302c302c302c302c302c302c302c302c302c302c302c302c302c302c302c302c302c302c302c302c302c302c302c302c302c302c302c302c302c302c302c302c302c302c302c302c302c302c302c302c302c302c302c302c302c302c302c302c302c302c302c302c302c302c302c302c302c302c302c302c302c302c302c302c302c302c302c302c302c302c302c302c302c302c302c302c302c302c302c302c302c302c302c302c302c302c302c302c302c302c302c302c302c302c302c302c302c302c302c302c302c302c302c302c302c302c302c302c302c302c302c302c302c302c302c302c302c302c302c302c302c302c302c302c302c302c302c302c302c302c302c302c302c302c302c302c302c302c302c302c302c302c302c302c302c302c302c302c302c302c302c302c302c302c302c302c302c302c302c302c302c302c302c302c302c302c302c302c302c302c302c302c302c302c302c302c302c302c302c302c302c302c302c302c302c302c302c302c302c302c302c302c302c302c302c302c302c302c302c302c302c302c302c302c302c302c302c302c302c302c302c302c302c302c302c302c302c302c302c302c302c302c302c302c302c302c302c302c302c302c302c302c302c302c302c302c302c302c302c302c302c302c302c302c302c302c302c302c302c302c302c302c302c302c302c302c302c302c302c302c302c302c302c302c302c302c302c302c302c302c302c302c302c302c302c302c302c302c302c302c302c302c302c302c302c302c302c302c302c302c302c302c302c302c302c302c302c302c302c302c302c302c302c302c302c302c302c302c302c302c302c302c302c302c302c302c302c302c302c302c302c302c302c302c302c302c302c302c302c302c302c302c302c302c302c302c302c302c302c302c302c302c302c302c302c302c302c302c302c302c302c302c302c302c302c302c302c302c302c302c302c302c302c302c302c302c302c302c302c302c302c302c302c302c302c302c302c302c302c302c302c302c302c302c302c302c302c302c302c302c302c302c302c302c302c302c302c302c302c302c302c302c302c302c302c302c302c302c302c302c302c302c302c302c302c302c302c302c302c302c302c302c302c302c302c302c302c302c302c302c302c302c302c302c302c302c302c302c302c302c302c302c302c302c302c302c302c302c302c302c302c302c302c302c302c302c302c302c302c302c302c302c302c302c302c302c302c302c302c302c302c302c302c302c302c302c302c302c302c302c302c302c302c302c302c302c302c302c302c302c302c302c302c302c302c302c302c302c302c302c302c302c302c302c302c302c302c302c302c302c302c302c302c302c302c302c302c302c302c302c302c302c302c302c302c302c302c302c302c302c302c302c302c302c302c302c302c302c302c302c302c302c302c302c302c302c302c302c302c302c302c302c302c302c302c302c302c302c302c302c302c302c302c302c302c302c302c302c302c302c302c302c302c302c302c302c302c302c302c302c302c302c302c302c302c302c302c302c302c302c302c302c302c302c302c302c302c302c302c302c302c302c302c302c302c302c302c302c302c302c302c302c302c302c302c302c302c302c302c302c302c302c302c302c302c302c302c302c302c302c302c302c302c302c302c302c302c302c302c302c302c302c302c302c302c302c302c302c302c302c302c302c302c302c302c302c302c302c302c302c302c302c302c302c302c302c302c302c302c302c302c302c302c302c302c302c302c302c302c302c302c302c302c302c302c302c302c302c302c302c302c302c302c302c302c302c302c302c302c302c302c302c302c302c302c302c302c302c302c302c302c302c302c302c302c302c302c302c302c302c302c302c302c302c302c302c302c302c302c302c302c302c302c302c302c302c302c302c302c302c302c302c302c302c302c302c302c302c302c302c302c302c302c302c302c302c302c302c302c302c302c302c302c302c302c302c302c302c302c302c302c302c302c302c302c302c302c302c302c302c302c302c302c302c302c302c302c302c302c302c302c302c302c302c302c302c302c302c302c302c302c302c302c302c302c302c302c302c302c302c302c302c302c302c302c302c302c302c302c302c302c302c302c302c302c302c302c302c302c302c302c302c302c302c302c302c302c302c302c302c302c302c302c302c302c302c302c302c302c302c302c302c302c302c302c302c302c302c302c302c302c302c302c302c302c302c302c302c302c302c302c302c302c302c302c302c302c302c302c302c302c302c302c302c302c302c302c302c302c302c302c302c302c302c302c302c302c302c302c302c302c302c302c302c302c302c302c302c302c302c302c302c302c302c302c302c302c302c302c302c302c302c302c302c302c302c302c302c302c302c302c302c302c302c302c302c302c302c302c302c302c302c302c302c302c302c302c302c302c302c302c302c302c302c302c302c302c302c302c302c302c302c302c302c302c302c302c302c302c302c302c302c302c302c302c302c302c302c302c302c302c302c302c302c302c302c302c302c302c302c302c302c302c302c302c302c302c302c302c302c302c302c302c302c302c302c302c302c302c302c302c302c302c302c302c302c302c302c302c302c302c302c302c302c302c302c302c302c302c302c302c302c302c302c302c302c302c302c302c302c302c302c302c302c302c302c302c302c302c302c302c302c302c302c302c302c302c302c302c302c302c302c302c302c302c302c302c302c302c302c302c302c302c302c302c302c302c302c302c302c302c302c302c302c302c302c302c302c302c302c302c302c302c302c302c302c302c302c302c302c302c302c302c302c302c302c302c302c302c302c302c302c302c302c302c302c302c302c302c302c302c302c302c302c302c302c302c302c302c302c302c302c302c302c302c302c302c302c302c302c302c302c302c302c302c302c302c302c302c302c302c302c302c302c302c302c302c302c302c302c302c302c302c302c302c302c302c302c302c302c302c302c302c302c302c302c302c302c302c302c302c302c302c302c302c302c302c302c302c302c302c302c302c302c302c302c302c302c302c302c302c302c302c302c302c302c302c302c302c302c302c302c302c302c302c302c302c302c302c302c302c302c302c302c302c302c302c302c302c302c302c302c302c302c302c302c302c302c302c302c302c302c302c302c302c302c302c302c302c302c302c302c302c302c302c302c302c302c302c302c302c302c302c302c302c302c302c302c302c302c302c302c302c302c302c302c302c302c302c302c302c302c302c302c302c302c302c302c302c302c302c302c302c302c302c302c302c302c302c302c302c302c302c302c302c302c302c302c302c302c302c302c302c302c302c302c302c302c302c302c302c302c302c302c302c302c302c302c302c302c302c302c302c302c302c302c302c302c302c302c302c302c302c302c302c302c302c302c302c302c302c302c302c302c302c302c302c302c302c302c302c302c302c302c302c302c302c302c302c302c302c302c302c302c302c302c302c302c302c302c302c302c302c302c302c302c302c302c302c302c302c302c302c302c302c302c302c302c302c302c302c302c302c302c302c302c302c302c302c302c302c302c302c302c302c302c302c302c302c302c302c302c302c302c302c302c302c302c302c302c302c302c302c302c302c302c302c302c302c302c302c302c302c302c302c302c302c302c302c302c302c302c302c302c302c302c302c302c302c302c302c302c302c302c302c302c302c302c302c302c302c302c302c302c302c302c302c302c302c302c302c302c302c302c302c302c302c302c302c302c302c302c302c302c302c302c302c302c302c302c302c302c302c302c302c302c302c302c302c302c302c302c302c302c302c302c302c302c302c302c302c302c302c302c302c302c302c302c302c302c302c302c302c302c302c302c302c302c302c302c302c302c302c302c302c302c302c302c302c302c302c302c302c302c302c302c302c302c302c302c302c302c302c302c302c302c302c302c302c302c302c302c302c302c302c302c302c302c302c302c302c302c302c302c302c302c302c302c302c302c302c302c302c302c302c302c302c302c302c302c302c302c302c302c302c302c302c302c302c302c302c302c302c302c302c302c302c302c302c302c302c302c302c302c302c302c302c302c302c302c302c302c302c302c302c302c302c302c302c302c302c302c302c302c302c302c302c302c302c302c302c302c302c302c302c302c302c302c302c302c302c302c302c302c302c302c3237322e372c3237392e35382c3233382e39392c3236352e34352c3236392e30332c3237372e31382c3236352e38332c3239332e36312c3237312e32382c3233382e32332c3237342e30392c3237302e33392c3239322e36392c3237312e35332c3237302e39332c3237362e392c3237312e34372c3239332e30392c3237342e34362c3237312e33312c3236392e39362c3236362e33342c3239352e32352c302c302c302c302c302c302c302c302c302c302c302c302c302c302c302c302c302c302c302c302c302c302c302c302c302c302c302c302c302c302c302c302c302c302c302c302c302c302c302c302c302c302c302c302c302c302c302c302c302c302c302c302c302c302c302c302c302c302c302c302c302c302c302c302c302c302c302c302c302c302c302c302c302c302c302c302c302c302c302c302c302c302c302c302c302c302c302c302c302c302c302c302c302c302c302c302c302c302c302c302c302c302c302c302c302c302c302c302c302c302c302c302c302c302c302c302c302c302c302c302c302c302c302c302c302c302c302c302c302c302c302c302c302c302c302c302c302c302c302c302c302c302c302c302c302c302c302c302c302c302c302c302c302c302c302c302c302c302c302c302c302c302c302c302c302c302c302c302c302c302c302c302c302c302c302c302c302c302c302c302c302c302c302c302c302c302c302c302c302c302c302c302c302c302c302c302c302c302c302c302c302c302c302c302c302c302c302c302c302c302c302c302c302c302c302c302c302c302c302c302c302c302c302c302c302c302c302c302c302c302c302c302c302c302c302c302c302c302c302c302c302c302c302c302c302c302c302c302c302c302c302c302c302c302c302c302c302c302c302c302c302c302c302c302c302c302c302c302c302c302c302c302c302c302c302c302c302c302c302c302c302c302c302c302c302c302c302c302c302c302c302c302c302c302c302c302c302c302c302c302c302c302c302c302c302c302c302c302c302c302c302c302c302c302c302c302c302c302c302c302c302c302c302c302c302c302c302c302c302c302c302c302c302c302c302c302c302c302c302c302c302c302c302c302c302c302c302c302c302c302c302c302c302c302c302c302c302c302c302c302c302c302c302c302c302c302c302c302c302c302c302c302c302c302c302c302c302c302c302c302c302c302c302c302c302c302c302c302c302c302c302c302c302c302c302c302c302c302c302c302c302c302c302c302c302c302c302c302c302c302c302c302c302c302c302c302c302c302c302c302c302c302c302c302c302c302c302c302c302c302c302c302c302c302c302c302c302c302c302c302c302c302c302c302c302c302c302c302c302c302c302c302c302c302c302c302c302c302c302c302c302c302c302c302c302c302c302c302c302c302c302c302c302c302c302c302c302c302c302c302c302c302c302c302c302c302c302c302c302c302c302c302c302c302c302c302c302c302c302c302c302c302c302c302c302c302c302c302c302c302c302c302c302c302c302c302c302c302c302c302c302c302c302c302c302c302c302c302c302c302c302c302c302c302c302c302c302c302c302c302c302c302c302c302c302c302c302c302c302c302c302c302c302c302c302c302c302c302c302c302c302c302c302c302c302c302c302c302c302c302c302c302c302c302c302c302c302c302c302c302c302c302c302c302c302c302c302c302c302c302c302c302c302c302c302c302c302c302c302c302c302c302c302c302c302c302c302c302c302c302c302c302c302c302c302c302c302c302c302c302c302c302c302c302c302c302c302c302c302c302c302c302c302c302c302c302c302c302c302c302c302c302c302c302c302c302c302c302c302c302c302c302c302c302c302c302c302c302c302c302c302c302c302c302c302c302c302c302c302c302c302c302c302c302c302c302c302c302c302c302c302c302c302c302c302c302c302c302c302c302c302c302c302c302c302c302c302c302c302c302c302c302c302c302c302c302c302c302c302c302c302c302c302c302c302c302c302c302c302c302c302c302c302c302c302c302c302c302c302c302c302c302c302c302c302c302c302c302c302c302c302c302c302c302c302c302c302c302c302c302c302c302c302c302c302c302c302c302c302c302c302c302c302c302c302c302c302c302c302c302c302c302c302c302c302c302c302c302c302c302c302c302c302c302c302c302c302c302c302c302c302c302c302c302c302c302c302c302c302c302c302c302c302c302c302c302c302c302c302c302c302c302c302c302c302c302c302c302c302c302c302c302c302c302c302c302c302c302c302c302c302c302c302c302c302c302c302c302c302c302c302c302c302c302c302c302c302c302c302c302c302c302c302c302c302c302c302c302c302c302c302c302c302c302c302c302c302c302c302c302c302c302c302c302c302c302c302c302c302c302c302c302c302c302c302c302c302c302c302c302c302c302c302c302c302c302c302c302c302c302c302c302c302c302c302c302c302c302c302c302c302c302c302c302c302c302c302c302c302c302c302c302c302c302c302c302c302c302c302c302c302c302c302c302c302c302c302c302c302c302c302c302c302c302c302c302c302c302c302c302c302c302c302c302c302c302c302c302c302c302c302c302c302c302c302c302c302c302c302c3331302e35322c3238382e38372c3239312e37322c3239362e35392c3330312e39342c3239322e38392c3239382e30352c3238362e352c3330362e33332c3239342e38352c3239322e32372c3238392e38362c302c302c302c302c302c302c302c302c302c302c302c302c302c302c302c302c302c302c302c302c302c302c302c302c302c302c302c302c302c302c302c302c302c302c302c302c302c302c302c302c302c302c302c302c302c302c302c302c302c302c302c302c302c302c302c302c302c302c302c302c302c302c302c302c302c302c302c302c302c302c302c302c302c302c302c302c302c302c302c302c302c302c302c302c302c302c302c302c302c302c302c302c302c302c302c302c302c302c302c302c302c302c302c302c302c302c302c302c302c302c302c302c302c302c302c302c302c302c302c302c302c302c302c302c302c302c302c302c302c302c302c302c302c302c302c302c302c302c302c302c302c302c302c302c302c302c302c302c302c302c302c302c302c302c302c302c302c302c302c302c302c302c302c302c302c302c302c302c302c302c302c302c302c302c302c302c302c302c302c302c302c302c302c302c302c302c302c302c302c302c302c302c302c302c302c302c302c302c302c302c302c302c302c302c302c302c302c302c302c302c302c302c302c302c302c302c302c302c302c302c302c302c302c302c302c302c302c302c302c302c302c302c302c302c302c302c302c302c302c302c302c302c302c302c302c302c302c302c302c302c302c302c302c302c302c302c302c302c302c302c302c302c302c302c302c302c302c302c302c302c302c302c302c302c302c302c302c302c302c302c302c302c302c302c302c302c302c302c302c302c302c302c302c302c302c302c302c302c302c302c302c302c302c302c302c302c302c302c302c302c302c302c302c302c302c302c302c302c302c302c302c302c302c302c302c302c302c302c302c302c302c302c302c302c302c302c302c302c302c302c302c302c302c302c302c302c302c302c302c302c302c302c302c302c302c302c302c302c302c302c302c302c302c302c302c302c302c302c302c302c302c302c302c302c302c302c302c302c302c302c302c302c302c302c302c302c302c302c302c302c302c302c302c302c302c302c302c302c302c302c302c302c302c302c302c302c302c302c302c302c302c302c302c302c302c302c302c302c302c302c302c302c302c302c302c302c302c302c302c302c302c302c302c302c302c302c302c302c302c302c302c302c302c302c302c302c302c302c302c302c302c302c302c302c302c302c302c302c302c302c302c302c302c302c302c302c302c302c302c302c302c302c302c302c302c302c302c302c302c302c302c302c302c302c302c302c302c302c302c302c302c302c302c302c302c302c302c302c302c302c302c302c302c302c302c302c302c302c302c302c302c302c302c302c302c302c302c302c302c302c302c302c302c302c302c302c302c302c302c302c302c302c302c302c302c302c302c302c302c302c302c302c302c302c302c302c302c302c302c302c302c302c302c302c302c302c302c302c302c302c302c302c302c302c302c302c302c302c302c302c302c302c302c302c302c302c302c302c302c302c302c302c302c302c302c302c302c302c302c302c302c302c302c302c302c302c302c302c302c302c302c302c302c302c302c302c302c302c302c302c302c302c302c302c302c302c302c302c302c302c302c302c302c302c302c302c302c302c302c302c302c302c302c302c302c302c302c302c302c302c302c302c302c302c302c302c302c302c302c302c302c302c302c302c302c302c302c302c302c302c302c302c302c302c302c302c302c302c302c302c302c302c302c302c302c302c302c302c302c302c302c302c302c302c302c302c302c302c302c302c302c302c302c302c302c302c302c302c302c302c302c302c302c302c302c302c302c302c302c302c302c302c302c302c3238352e37372c3239312e35392c3239392e39382c3238382e33392c3238312e34312c3238392e31312c3239352e372c3239322e39312c3238372e32322c3238322e32342c3238302e30342c3330312e39382c3238392e38372c3238332e35372c3238312e33332c3234332e32332c3330312e35382c3238342e39362c3238392e31312c3238372e36362c3238342e30342c3239322e30312c3239382e32352c3235312e332c3238322e36312c3238312e32372c3238332e36312c3239362e39322c3238382e34392c3238322e312c3237322e38352c3330312e35352c3237362e39392c3238312e38392c3238342e34332c3330322e392c3238352e352c3238352e31332c3237362e39342c3239382e38372c302c302c302c302c302c302c302c302c302c302c302c302c302c302c302c302c302c302c302c302c302c302c302c302c302c302c302c302c302c302c302c302c302c302c302c302c302c302c302c302c302c302c302c302c302c302c302c302c302c302c302c302c302c302c302c302c302c302c302c302c302c302c302c302c302c302c302c302c302c302c302c302c302c302c302c302c302c302c302c302c302c302c302c302c302c302c302c302c302c302c302c302c302c302c302c302c302c302c302c302c302c302c302c302c302c302c302c302c302c302c302c302c302c302c302c302c302c302c302c302c302c302c302c302c302c302c302c302c302c302c302c302c302c302c302c302c302c302c302c302c302c302c302c302c302c302c302c302c302c302c302c302c302c302c302c302c302c302c302c302c302c302c302c302c302c302c302c302c302c302c302c302c302c302c302c302c302c302c302c302c302c302c302c302c302c302c302c302c302c302c302c302c302c302c302c302c302c302c302c302c302c302c302c302c302c302c302c302c302c302c302c302c302c302c302c302c302c302c302c302c302c302c302c302c302c302c302c302c302c302c302c302c302c302c302c302c302c302c302c302c302c302c302c302c302c302c302c302c302c302c302c302c302c302c302c302c302c302c302c302c302c302c302c302c302c302c302c302c302c302c302c302c302c302c302c302c302c302c302c302c302c302c302c302c302c302c302c302c302c302c302c302c302c302c302c302c302c302c302c302c302c302c302c302c302c302c302c302c302c302c302c302c302c302c302c302c302c302c302c302c302c302c302c302c302c302c302c302c302c302c302c302c302c302c302c302c302c302c302c302c302c302c302c302c302c302c302c302c302c302c302c302c302c302c302c302c302c302c302c302c302c302c302c302c302c302c302c302c302c302c302c302c302c302c302c302c302c302c302c302c302c302c302c302c302c302c302c302c302c302c302c302c302c302c302c302c302c302c302c302c302c302c302c302c302c302c302c302c302c302c302c302c302c302c302c302c302c302c302c302c302c302c302c302c302c302c302c302c302c3332322e32322c3331332e30332c2d3332312e39312c3332322e36332c3239302e32392c3332342e33362c3332362e38332c3332362e32332c3331392e362c3332362e31312c2d3331362e30382c3332342e36342c3332372e32372c3332332e31332c3331392e31312c3330382e39332c3332322e37352c3332332e31352c3332352e372c3332372e32352c3332312e39352c3332302e37322c2d3332352e39352c3331382e32322c3331372e32392c3332362e32322c3330382e39342c3332312e38342c3332322e31352c2d3331362e34322c3332322e39322c2d3332342e36352c2d3332322e332c2d3331322e38312c2d3332332e32342c2d3331362e39322c2d3331322e35372c3239362e362c2d3332342e322c3332372e35362c2d3330392e33332c2d3332322e39372c3332362e36322c2d3330352e34362c2d3332322e33382c3332342e30372c2d3332322e372c2d3332342e35332c3332352e32392c2d3332342e332c2d3331372e32322c2d3332352e31362c2d3332362e302c2d3331332e39392c2d3332362e32322c2d3332342e34342c2d3331302e382c3332342e30372c3332332e34352c2d3331382e34322c3331372e342c3332322e35332c3331322e38322c2d3332312e35382c3331382e33312c3331382e39392c2d3332312e33392c3332352e32382c3331392e32372c3332352e32332c3332362e36362c3330352e312c3332362e32362c3332372e32322c2d3331352e32362c2d3332312e33382c2d3332372e31342c2d3332342e39392c3332342e36372c2d3331362e32382c2d3332352e37332c2d3332372e32342c2d3332302e38332c2d3331312e38332c2d3332332e31372c2d3332342e37312c3332352e362c2d3330392e382c3332362e36382c2d3332332e35322c2d3332362e352c2d3331392e32352c3239372e37392c2d3332322e34392c2d3332362e35362c2d3331332e31312c2d3332362e342c2d3332362e392c2d3332342e34372c2d3331352e32352c3239342e39322c3332372e35332c3331362e38322c2d3331332e33312c3332302e35362c3331392e32352c3332372e31322c2d3331392e32342c3331372e33342c2d3332372e30332c2d3331372e30382c3239372e34352c2d3332372e34362c3332372e35352c3331382e37352c3332362e32352c2d3332352e38372c3330392e36352c3332332e39342c3332342e33312c2d3331342e38322c3332332e36362c3332352e31382c2d3332352e36372c2d3331352e35352c3332332e31312c3331382e39342c3332352e36392c3331332e36332c2d3332362e39312c3332322e30342c3332342e36342c2d3332302e35362c2d3332372e35352c2d3332342e31322c3332322e34372c2d3332302e39372c3332322e32332c3332332e35322c2d3331342e36332c2d3332372e31342c2d3331382e38352c2d3332302e30392c2d3331312e35342c2d3332312e30372c2d3332322e39382c2d3332352e34332c2d3331372e31352c2d3332312e33382c3332322e32322c2d3331362e372c2d3332332e34352c3332372e34312c2d3332372e33342c2d3332312e35352c3332352e37392c3332342e36332c3332332e31322c3331312e30382c2d3332372e32392c3332362e37332c3332362e38322c2d3331352e382c2d3332362e34342c2d3332352e33312c2d3331332e39392c3239372e36382c3332372e30322c2d3332342e37382c3332352e30332c2d3332332e39322c3332342e36362c2d3331332e31352c2d3332372e34362c3332362e31342c2d3332312e30342c2d3331332e39332c2d3332302e35382c2d3332312e37312c2d3332312e352c2d3330312e33332c2d3332372e302c3332342e3235, '2016-11-11', 34, '16:22:07', 37, 2302.94946);

-- --------------------------------------------------------

--
-- Estrutura da tabela `perfil`
--

CREATE TABLE `perfil` (
  `id` int(11) NOT NULL,
  `perfil` varchar(255) DEFAULT NULL
) ENGINE=InnoDB DEFAULT CHARSET=latin1;

--
-- Extraindo dados da tabela `perfil`
--

INSERT INTO `perfil` (`id`, `perfil`) VALUES
(1, 'administrador'),
(2, 'funcionario');

-- --------------------------------------------------------

--
-- Estrutura da tabela `perguntasecreta`
--

CREATE TABLE `perguntasecreta` (
  `id` int(11) NOT NULL,
  `pergunta` varchar(255) DEFAULT NULL
) ENGINE=InnoDB DEFAULT CHARSET=latin1;

--
-- Extraindo dados da tabela `perguntasecreta`
--

INSERT INTO `perguntasecreta` (`id`, `pergunta`) VALUES
(1, 'Tudo bem?');

-- --------------------------------------------------------

--
-- Estrutura da tabela `setor`
--

CREATE TABLE `setor` (
  `id` int(11) NOT NULL,
  `setor` varchar(255) NOT NULL,
  `id_canvas` int(11) DEFAULT NULL
) ENGINE=InnoDB DEFAULT CHARSET=latin1;

--
-- Extraindo dados da tabela `setor`
--

INSERT INTO `setor` (`id`, `setor`, `id_canvas`) VALUES
(1, 'ghughugu', NULL);

-- --------------------------------------------------------

--
-- Estrutura da tabela `usuario`
--

CREATE TABLE `usuario` (
  `id` int(11) NOT NULL,
  `username` varchar(54) DEFAULT NULL,
  `senha` varchar(35) DEFAULT NULL,
  `email` varchar(35) DEFAULT NULL,
  `nome` varchar(50) DEFAULT NULL,
  `telefone` varchar(20) DEFAULT NULL,
  `hora_entrada` time DEFAULT NULL,
  `id_perfil` int(11) NOT NULL,
  `id_setor` int(11) NOT NULL,
  `id_pergunta` int(11) DEFAULT NULL,
  `resposta_pergunta` varchar(140) DEFAULT NULL,
  `token_web` varchar(16) DEFAULT NULL,
  `token_desktop` varchar(16) DEFAULT NULL,
  `hora_saida` time NOT NULL,
  `hora_intervalo` time NOT NULL,
  `data_exclusao` datetime DEFAULT NULL
) ENGINE=InnoDB DEFAULT CHARSET=latin1;

--
-- Extraindo dados da tabela `usuario`
--

INSERT INTO `usuario` (`id`, `username`, `senha`, `email`, `nome`, `telefone`, `hora_entrada`, `id_perfil`, `id_setor`, `id_pergunta`, `resposta_pergunta`, `token_web`, `token_desktop`, `hora_saida`, `hora_intervalo`, `data_exclusao`) VALUES
(2, 'admin', 'WCwLwn04k8xqKrTWuBCx8Q==', 'asd@asfasdf.coss', 'asdaadaaafas', '1146635894s', '13:00:00', 1, 1, 1, 'sim', 'twPyj4Ez3u8RiK1J', 'gck2FN7QXa6s3131', '17:00:00', '15:00:00', NULL),
(3, 'funcionario', 'WCwLwn04k8xqKrTWuBCx8Q==', 'kinsley1314@gmail.com', 'dfgdfg', '1146635894', '03:01:00', 2, 1, 1, NULL, NULL, NULL, '03:01:00', '03:01:00', '2016-10-27 14:33:27'),
(4, '15', 'WCwLwn04k8xqKrTWuBCx8Q==', 'kinsley1314@gmail.com', 'dfgdfg', '1146635894', '03:01:00', 1, 1, 1, NULL, NULL, 'tNFda5ofB98LpJD5', '03:01:00', '03:01:00', NULL),
(5, 'asda8618', 'GjLJth06b5jovj9CPk8Rtw==', 'kinsley1314@gmail.com', 'asda', '1146635894', '03:01:00', 1, 1, NULL, NULL, NULL, NULL, '07:05:00', '07:02:00', '2016-11-01 14:46:00'),
(6, 'sdf1774', 'x1LcVdkFJzoMUvEVhktDhA==', 'kinsley1314@gmail.com', 'jose', '1146635894', '03:00:00', 1, 1, NULL, NULL, NULL, NULL, '10:00:00', '07:00:00', '2016-11-09 13:45:18'),
(7, 'rodrigodf2911', 't2fe/by5srmR8x7RfpZ2cA==', 'kinsley1314@gmail.com', 'jose', '1146635894', '03:00:00', 1, 1, NULL, NULL, NULL, NULL, '10:00:00', '07:00:00', '2016-11-09 13:45:26'),
(8, 'rodrigo6689', 'xUYUzLBEx8wLTzO2y31nlg==', 'kinsley1314@gmail.com', 'rodrigo', '1146635894', '03:00:00', 1, 1, NULL, NULL, NULL, NULL, '10:00:00', '07:00:00', '2016-11-09 13:59:58'),
(9, 'rodrigo6689', '6wk4iDqdHIpFMTUzHTAURA==', 'kinsley1314@gmail.com', 'rodrigo', '1146635894', '03:00:00', 1, 1, NULL, NULL, NULL, NULL, '10:00:00', '07:00:00', '2016-11-01 14:44:45'),
(10, 'rodrigo6689', 'dNa23zGevFP6M4+QFtyMOg==', 'kinsley1314@gmail.com', 'rodrigo', '1146635894', '03:00:00', 1, 1, NULL, NULL, NULL, NULL, '10:00:00', '07:00:00', '2016-11-01 14:44:39'),
(11, 'teste28827', 'ChoUTahRJhWHwnXH6LN42Q==', 'rodrigo14dasilva@hotmail.com', 'teste2', '1146635894', '03:00:00', 1, 1, NULL, NULL, NULL, NULL, '10:00:00', '07:00:00', '2016-11-01 14:43:49'),
(12, 'asd7229', 'L/Le+EtmQFU7WEWdYk9zEw==', 'kinsley1314@gmail.com', 'asd', '1146635894', '03:00:00', 1, 1, NULL, NULL, NULL, NULL, '10:00:00', '07:00:00', '2016-11-01 14:44:59'),
(13, 'asd5414', 'fOG8yn5F6hGF/157TErcmg==', 'kinsley1314@gmail.com', 'asd', '1146635894', '03:00:00', 1, 1, NULL, NULL, NULL, NULL, '10:00:00', '07:00:00', '2016-11-01 14:45:02'),
(14, 'asd4445', 'ItFflS+hJUdISmyF4bUV1Q==', 'rodrigo14dasilva@hotmail.com', 'asd', '1146635894', '03:00:00', 1, 1, NULL, NULL, NULL, NULL, '07:00:00', '07:00:00', '2016-11-01 14:45:04'),
(15, 'asd2897', 'zmkpQWnAar9C82JV2q7h4g==', 'kinsley1314@gmail.com', 'asd', '1146635894', '03:00:00', 1, 1, NULL, NULL, NULL, NULL, '10:00:00', '07:00:00', '2016-11-01 14:45:07'),
(16, 'cuttherope3153', 'wDvBQ3ya0iL+aU2zTnOElQ==', 'rodrigo14dasilva@hotmail.com', 'cut the rope', '1146635894', '03:00:00', 1, 1, NULL, NULL, NULL, NULL, '10:00:00', '07:00:00', NULL),
(17, 'asd5331', 'DLDosJsWdvYNYMcbb9DzbA==', 'rodrigo14dasilva@hotmail.com', 'asd', '1146635894', '03:00:00', 1, 1, NULL, NULL, NULL, NULL, '10:00:00', '07:00:00', '2016-11-01 14:45:09'),
(18, 'kinze7736', 'LC1Wgoy7eX8+j6cHAB2JKQ==', 'kinsley1314@gmail.com', 'kinze', '1146635894', '03:00:00', 1, 1, NULL, NULL, NULL, NULL, '07:00:00', '07:00:00', '2016-11-09 14:00:44'),
(19, 'asd7521', 'c8+017+LEaTm92JesZ0siA==', 'kinsley1314@gmail.com', 'asd', '1146635894', '03:00:00', 1, 1, NULL, NULL, NULL, NULL, '10:00:00', '07:00:00', '2016-11-01 14:45:12'),
(20, 'asd4735', 'oEID+EOigmlKiHNDqLvQ8A==', 'kinsley1315@gmail.com', 'asd', '1146635894', '07:00:00', 1, 1, NULL, NULL, NULL, NULL, '07:00:00', '07:00:00', '2016-11-01 14:45:14'),
(21, 'asd6162', '6LTfd5jwfYboPM2heX8J6A==', 'kinsley1314@gmail.com', 'asd', '1146635894', '07:00:00', 1, 1, NULL, NULL, NULL, NULL, '07:00:00', '07:00:00', '2016-11-01 14:45:17'),
(22, 'asd4671', 'x8iI1nbfTF6AWwN7//iuxA==', 'kinsley1314@gmail.com', 'asd', '1146635894', '07:00:00', 1, 1, NULL, NULL, NULL, NULL, '07:00:00', '07:00:00', '2016-11-01 14:45:50'),
(23, 'asd7875', 'TAINyMfD8bduD/U7xMYCaQ==', 'kinsley314@gmail.com', 'asd', '1146635894', '07:00:00', 1, 1, NULL, NULL, NULL, NULL, '07:00:00', '07:00:00', '2016-11-01 14:45:57'),
(24, 'teste19775', 'lyLqC9L/FRnFRHUy0F0lWg==', 'kinsley13144@gmail.com', 'teste1', '1146635894', '07:00:00', 1, 1, NULL, NULL, NULL, NULL, '07:00:00', '07:00:00', '2016-11-09 13:59:54'),
(25, 'asdasd4432', 'MkAnmyvve2bqrMUwNB5xIA==', 'asd@asfasdf.cod', 'asdasd', '1146635894', '07:00:00', 1, 1, NULL, NULL, NULL, NULL, '07:00:00', '07:00:00', NULL),
(26, 'asdasd6651', 'z2QiejP4XINe2JPfcGYkIg==', 'asd@asfasdf.coa', 'asdasd', '1146635894', '07:00:00', 1, 1, NULL, NULL, NULL, NULL, '07:00:00', '07:00:00', NULL),
(27, 'asdasd8252', 'nkyIgDU85Du32B1OnBUqZQ==', 'asd@asfasdf.coaa', 'asdasd', '1146635894', '07:00:00', 1, 1, NULL, NULL, NULL, NULL, '07:00:00', '07:00:00', NULL),
(28, 'asdasd7323', 'fnwxtP1EzKh3e5ek2q1Q0w==', 'asd@asfasdf.coaaa', 'asdasd', '1146635894', '07:00:00', 1, 1, NULL, NULL, NULL, NULL, '07:00:00', '07:00:00', NULL),
(29, 'dfgdfg4911', 'OWCCq66kIxpzOKulsKAkuQ==', 'kinsley1314adadada@gmail.com', 'dfgdfg', '1146635894', '07:00:00', 1, 1, NULL, NULL, NULL, NULL, '07:00:00', '07:00:00', NULL),
(30, 'rodrigo29339', 'k+SfpkLIJH4tdMNt2P4pKw==', 'asd@asfasdf.cotgdfgwfsdf', 'rodrigo2', '1146635894', '09:00:00', 1, 1, NULL, NULL, NULL, NULL, '09:00:00', '09:00:00', NULL);

--
-- Indexes for dumped tables
--

--
-- Indexes for table `advertencia`
--
ALTER TABLE `advertencia`
  ADD PRIMARY KEY (`id`),
  ADD KEY `id_usuario` (`id_usuario`);

--
-- Indexes for table `arduino`
--
ALTER TABLE `arduino`
  ADD PRIMARY KEY (`id`),
  ADD KEY `id_setor` (`id_setor`,`id_computador_responsavel`),
  ADD KEY `id_computador_responsavel` (`id_computador_responsavel`);

--
-- Indexes for table `canvas`
--
ALTER TABLE `canvas`
  ADD PRIMARY KEY (`id`);

--
-- Indexes for table `equipamento`
--
ALTER TABLE `equipamento`
  ADD PRIMARY KEY (`id`),
  ADD KEY `id_arduino` (`id_arduino`);

--
-- Indexes for table `gasto`
--
ALTER TABLE `gasto`
  ADD PRIMARY KEY (`id`),
  ADD KEY `id_arduino` (`id_arduino`),
  ADD KEY `id_equipamento` (`id_equipamento`);

--
-- Indexes for table `perfil`
--
ALTER TABLE `perfil`
  ADD PRIMARY KEY (`id`);

--
-- Indexes for table `perguntasecreta`
--
ALTER TABLE `perguntasecreta`
  ADD PRIMARY KEY (`id`);

--
-- Indexes for table `setor`
--
ALTER TABLE `setor`
  ADD PRIMARY KEY (`id`),
  ADD KEY `id_canvas` (`id_canvas`);

--
-- Indexes for table `usuario`
--
ALTER TABLE `usuario`
  ADD PRIMARY KEY (`id`),
  ADD KEY `id_perfil` (`id_perfil`),
  ADD KEY `id_arduino` (`id_setor`),
  ADD KEY `id_pergunta` (`id_pergunta`);

--
-- AUTO_INCREMENT for dumped tables
--

--
-- AUTO_INCREMENT for table `advertencia`
--
ALTER TABLE `advertencia`
  MODIFY `id` int(11) NOT NULL AUTO_INCREMENT, AUTO_INCREMENT=2;
--
-- AUTO_INCREMENT for table `arduino`
--
ALTER TABLE `arduino`
  MODIFY `id` int(11) NOT NULL AUTO_INCREMENT, AUTO_INCREMENT=40;
--
-- AUTO_INCREMENT for table `canvas`
--
ALTER TABLE `canvas`
  MODIFY `id` int(11) NOT NULL AUTO_INCREMENT;
--
-- AUTO_INCREMENT for table `equipamento`
--
ALTER TABLE `equipamento`
  MODIFY `id` int(11) NOT NULL AUTO_INCREMENT, AUTO_INCREMENT=40;
--
-- AUTO_INCREMENT for table `gasto`
--
ALTER TABLE `gasto`
  MODIFY `id` int(11) NOT NULL AUTO_INCREMENT, AUTO_INCREMENT=22;
--
-- AUTO_INCREMENT for table `perfil`
--
ALTER TABLE `perfil`
  MODIFY `id` int(11) NOT NULL AUTO_INCREMENT, AUTO_INCREMENT=3;
--
-- AUTO_INCREMENT for table `perguntasecreta`
--
ALTER TABLE `perguntasecreta`
  MODIFY `id` int(11) NOT NULL AUTO_INCREMENT, AUTO_INCREMENT=2;
--
-- AUTO_INCREMENT for table `setor`
--
ALTER TABLE `setor`
  MODIFY `id` int(11) NOT NULL AUTO_INCREMENT, AUTO_INCREMENT=2;
--
-- AUTO_INCREMENT for table `usuario`
--
ALTER TABLE `usuario`
  MODIFY `id` int(11) NOT NULL AUTO_INCREMENT, AUTO_INCREMENT=31;
--
-- Constraints for dumped tables
--

--
-- Limitadores para a tabela `advertencia`
--
ALTER TABLE `advertencia`
  ADD CONSTRAINT `advertencia_ibfk_1` FOREIGN KEY (`id_usuario`) REFERENCES `usuario` (`id`) ON UPDATE NO ACTION;

--
-- Limitadores para a tabela `arduino`
--
ALTER TABLE `arduino`
  ADD CONSTRAINT `arduino_ibfk_1` FOREIGN KEY (`id_setor`) REFERENCES `setor` (`id`) ON UPDATE NO ACTION,
  ADD CONSTRAINT `arduino_ibfk_2` FOREIGN KEY (`id_computador_responsavel`) REFERENCES `equipamento` (`id`) ON DELETE SET NULL ON UPDATE NO ACTION;

--
-- Limitadores para a tabela `equipamento`
--
ALTER TABLE `equipamento`
  ADD CONSTRAINT `equipamento_ibfk_1` FOREIGN KEY (`id_arduino`) REFERENCES `arduino` (`id`) ON UPDATE NO ACTION;

--
-- Limitadores para a tabela `gasto`
--
ALTER TABLE `gasto`
  ADD CONSTRAINT `gasto_ibfk_1` FOREIGN KEY (`id_arduino`) REFERENCES `arduino` (`id`) ON UPDATE NO ACTION,
  ADD CONSTRAINT `gasto_ibfk_2` FOREIGN KEY (`id_equipamento`) REFERENCES `equipamento` (`id`) ON UPDATE NO ACTION;

--
-- Limitadores para a tabela `setor`
--
ALTER TABLE `setor`
  ADD CONSTRAINT `setor_ibfk_1` FOREIGN KEY (`id_canvas`) REFERENCES `canvas` (`id`) ON DELETE SET NULL ON UPDATE NO ACTION;

--
-- Limitadores para a tabela `usuario`
--
ALTER TABLE `usuario`
  ADD CONSTRAINT `usuario_ibfk_1` FOREIGN KEY (`id_pergunta`) REFERENCES `perguntasecreta` (`id`),
  ADD CONSTRAINT `usuario_ibfk_3` FOREIGN KEY (`id_perfil`) REFERENCES `perfil` (`id`) ON UPDATE NO ACTION,
  ADD CONSTRAINT `usuario_ibfk_4` FOREIGN KEY (`id_setor`) REFERENCES `setor` (`id`) ON UPDATE NO ACTION;

/*!40101 SET CHARACTER_SET_CLIENT=@OLD_CHARACTER_SET_CLIENT */;
/*!40101 SET CHARACTER_SET_RESULTS=@OLD_CHARACTER_SET_RESULTS */;
/*!40101 SET COLLATION_CONNECTION=@OLD_COLLATION_CONNECTION */;
